Timestamp,Source MAC,Destination MAC
2025-04-18 14:39:46,D8:3A:DD:9C:D8:7E,FF:FF:FF:FF:FF:FF
2025-04-18 14:39:46,C8:4D:44:21:61:B5,D8:3A:DD:9C:D8:7E
2025-04-18 14:39:46,D8:3A:DD:9C:D8:7E,C8:4D:44:21:61:B5
2025-04-18 14:39:46,C8:4D:44:21:61:B5,D8:3A:DD:9C:D8:7E
2025-04-18 14:39:47,C8:4D:44:21:61:B5,D8:3A:DD:9C:D8:7E
2025-04-18 14:39:47,D8:3A:DD:9C:D8:7E,C8:4D:44:21:61:B5
2025-04-18 14:39:48,C8:4D:44:21:61:B5,D8:3A:DD:9C:D8:7E
2025-04-18 14:39:48,D8:3A:DD:9C:D8:7E,C8:4D:44:21:61:B5
2025-04-18 14:39:49,C8:4D:44:21:61:B5,D8:3A:DD:9C:D8:7E
2025-04-18 14:39:49,D8:3A:DD:9C:D8:7E,C8:4D:44:21:61:B5
2025-04-18 14:39:49,C8:4D:44:21:61:B5,D8:3A:DD:9C:D8:7E
2025-04-18 14:39:49,D8:3A:DD:9C:D8:7E,C8:4D:44:21:61:B5
2025-04-18 14:39:49,D8:3A:DD:9C:D8:7E,C8:4D:44:21:61:B5
2025-04-18 14:39:49,D8:3A:DD:9C:D8:7E,C8:4D:44:21:61:B5
